error_flag,imu_count,driver_count,t_request(ns),t_receive(ns),temp(C),accX(m/s/s),accY(m/s/s),accZ(m/s/s),gyrX(rad/s),gyrY(rad/s),gyrZ(rad/s)
0,101,101,1594327119738489008,1594327119739108346,3.919286e+01,-2.946210792288184166e-03,9.803177416324615479e-02,-9.819118499755859375e+00,-3.166098904330283403e-04,-4.176901711616665125e-04,-1.530185836600139737e-04,
0,102,102,1594327119742427024,1594327119742779117,3.921429e+01,1.569111918797716498e-04,1.058819741010665894e-01,-9.819107055664062500e+00,4.446813181857578456e-05,-6.204100209288299084e-04,-3.390204074094071984e-05,
0,103,103,1594327119752384465,1594327119752735724,3.919286e+01,-2.245884574949741364e-02,1.007605269551277161e-01,-9.835372924804687500e+00,2.975483366753906012e-04,2.484529395587742329e-04,-1.939713401952758431e-04,
0,104,104,1594327119762152369,1594327119762506493,3.919286e+01,-2.478358568623661995e-03,9.003008902072906494e-02,-9.808489799499511719e+00,5.143229645909741521e-05,5.981925642117857933e-04,1.637710956856608391e-04,
0,105,105,1594327119772410286,1594327119772724773,3.919286e+01,1.083372117136605084e-04,9.979847818613052368e-02,-9.814690589904785156e+00,-2.777876798063516617e-04,1.210539849125780165e-04,-1.625460427021607757e-04,
0,106,106,1594327119782331424,1594327119782633306,3.920000e+01,-5.711560137569904327e-03,1.022717058658599854e-01,-9.826656341552734375e+00,-6.125270374468527734e-06,-7.682220893912017345e-04,-3.345263248775154352e-04,
0,107,107,1594327119792167663,1594327119792469181,3.919286e+01,-1.338187232613563538e-02,9.303463995456695557e-02,-9.822316169738769531e+00,-1.677591790212318301e-04,5.485046422109007835e-04,-2.423676342004910111e-04,
0,108,108,1594327119802262190,1594327119802563136,3.920000e+01,-1.675765216350555420e-02,9.023988246917724609e-02,-9.816584587097167969e+00,-5.026716389693319798e-04,6.830542115494608879e-04,-3.739078238140791655e-05,
0,109,109,1594327119812373854,1594327119812677247,3.921429e+01,5.593081470578908920e-03,9.916184842586517334e-02,-9.810259819030761719e+00,-1.116064231609925628e-04,1.208475878229364753e-04,-1.745302579365670681e-04,
0,110,110,1594327119822176290,1594327119822478329,3.922143e+01,-1.774874143302440643e-02,1.100172400474548340e-01,-9.831499099731445312e+00,3.689143923111259937e-04,-8.685899665579199791e-04,-3.175619931425899267e-04,
0,111,111,1594327119832325402,1594327119832622701,3.922857e+01,-1.863920129835605621e-02,9.244497865438461304e-02,-9.825407028198242188e+00,1.993442710954695940e-04,-1.613875610928516835e-05,2.364554093219339848e-04,
0,112,112,1594327119842165860,1594327119842467847,3.921429e+01,-1.064660958945751190e-02,9.305597096681594849e-02,-9.806522369384765625e+00,7.703858864260837436e-05,9.542172774672508240e-04,-1.368731609545648098e-04,
0,113,113,1594327119852338983,1594327119852640449,3.925000e+01,1.555378083139657974e-03,1.039384156465530396e-01,-9.819224357604980469e+00,-1.825530343921855092e-04,-7.570834131911396980e-04,2.331464347662404180e-04,
0,114,114,1594327119862175379,1594327119862477679,3.922857e+01,-5.464835558086633682e-03,1.026250123977661133e-01,-9.825192451477050781e+00,2.748049446381628513e-04,-6.303702248260378838e-04,-4.856274244957603514e-05,
0,115,115,1594327119872249385,1594327119872550434,3.922143e+01,-2.192310988903045654e-02,9.264919161796569824e-02,-9.831205368041992188e+00,-2.668221131898462772e-04,1.347026845905929804e-04,4.176702059339731932e-04,
0,116,116,1594327119882365319,1594327119882691525,3.916429e+01,3.842509468086063862e-04,8.822233974933624268e-02,-9.804564476013183594e+00,-5.163802998140454292e-04,7.539608632214367390e-04,4.582701076287776232e-04,
0,117,117,1594327119892190985,1594327119892491931,3.916429e+01,-4.229604266583919525e-03,1.044003218412399292e-01,-9.815849304199218750e+00,-4.333895049057900906e-04,-3.806922177318483591e-04,-7.622632983839139342e-05,
0,118,118,1594327119902245564,1594327119902546301,3.917143e+01,-1.120835449546575546e-02,1.033270880579948425e-01,-9.828530311584472656e+00,1.821469049900770187e-04,-1.079219393432140350e-03,-9.576061711413785815e-05,
0,119,119,1594327119912323893,1594327119912624786,3.920000e+01,-1.381967402994632721e-02,9.292784333229064941e-02,-9.819017410278320312e+00,-3.771036062971688807e-05,6.249440484680235386e-04,2.795653381326701492e-05,
0,120,120,1594327119922164195,1594327119922466130,3.920000e+01,-9.188791736960411072e-03,9.286695718765258789e-02,-9.814346313476562500e+00,-2.694319991860538721e-04,5.953163490630686283e-04,-2.032990596489980817e-04,
0,121,121,1594327119932266222,1594327119932567636,3.920714e+01,4.379068501293659210e-03,1.048786118626594543e-01,-9.811676979064941406e+00,2.440054813632741570e-04,-1.948768112924881279e-05,3.057109133806079626e-04,
0,122,122,1594327119942335228,1594327119942636955,3.920000e+01,-1.834899187088012695e-02,1.041584983468055725e-01,-9.834378242492675781e+00,-7.586680294480174780e-05,-1.111203964683227241e-04,-7.485479727620258927e-05,
0,123,123,1594327119952158707,1594327119952460277,3.920000e+01,-9.811496362090110779e-03,8.825714141130447388e-02,-9.816722869873046875e+00,1.342898904113098979e-04,6.238588248379528522e-04,-2.536860702093690634e-04,
0,124,124,1594327119962243963,1594327119962544439,3.920714e+01,-3.027379512786865234e-03,9.820967912673950195e-02,-9.810647964477539062e+00,-5.375590626499615610e-05,7.825565407983958721e-04,-1.742239983286708593e-04,
0,125,125,1594327119972292239,1594327119972591986,3.921429e+01,-1.676363986916840076e-03,1.037203967571258545e-01,-9.823191642761230469e+00,-3.909520455636084080e-05,-7.780424784868955612e-04,5.792375077362521552e-07,
0,126,126,1594327119982407392,1594327119982722608,3.920714e+01,-1.303429435938596725e-02,9.843694418668746948e-02,-9.824656486511230469e+00,-7.131945312721654773e-05,-4.749281797558069229e-04,1.569067972013726830e-04,
0,127,127,1594327119992186859,1594327119992487648,3.917857e+01,-2.149567380547523499e-02,9.184001386165618896e-02,-9.822271347045898438e+00,-3.359910624567419291e-04,-4.074636308359913528e-05,3.509380621835589409e-05,
0,128,128,1594327120002208260,1594327120002508059,3.918571e+01,5.411359481513500214e-03,9.669049084186553955e-02,-9.807627677917480469e+00,-2.894856152124702930e-04,-1.989381235034670681e-05,-4.647215973818674684e-05,
0,129,129,1594327120012293151,1594327120012593419,3.919286e+01,-9.477840736508369446e-03,1.090233102440834045e-01,-9.825404167175292969e+00,1.810150570236146450e-04,-3.233610186725854874e-04,3.031942178495228291e-04,
0,130,130,1594327120022397470,1594327120022710395,3.924286e+01,-1.407171227037906647e-02,9.819527715444564819e-02,-9.828588485717773438e+00,3.185340319760143757e-04,-4.263654409442096949e-04,1.012200955301523209e-04,
0,131,131,1594327120032418819,1594327120032723201,3.924286e+01,-1.293329242616891861e-02,8.837767690420150757e-02,-9.816381454467773438e+00,-1.432247954653576016e-04,8.844091789796948433e-04,3.325622310512699187e-05,
0,132,132,1594327120042242245,1594327120042542774,3.922143e+01,-4.669689107686281204e-03,9.830125421285629272e-02,-9.813479423522949219e+00,-4.434695874806493521e-04,4.243214498274028301e-04,3.089732781518250704e-04,
0,133,133,1594327120052278959,1594327120052579383,3.920714e+01,4.530853126198053360e-03,1.052404120564460754e-01,-9.818883895874023438e+00,1.346694043604657054e-04,-4.484163946472108364e-04,1.861682685557752848e-04,
0,134,134,1594327120062347392,1594327120062648493,3.920714e+01,-2.154877595603466034e-02,1.009414643049240112e-01,-9.831400871276855469e+00,1.185572764370590448e-04,-1.372926053591072559e-04,-3.573030116967856884e-04,
0,135,135,1594327120072166235,1594327120072464003,3.921429e+01,-1.463693683035671711e-03,8.941531926393508911e-02,-9.809571266174316406e+00,7.024087153695290908e-06,9.365205769427120686e-04,2.280131884617730975e-04,
0,136,136,1594327120082257481,1594327120082557228,3.922143e+01,-1.981317298486828804e-03,9.918991476297378540e-02,-9.811989784240722656e+00,-9.185242379317060113e-05,3.804392181336879730e-04,-4.969458677805960178e-05,
0,137,137,1594327120092306121,1594327120092605816,3.922857e+01,-6.201715674251317978e-03,1.033275425434112549e-01,-9.828750610351562500e+00,3.409578639548271894e-04,-1.152043580077588558e-03,-2.957440447062253952e-04,
0,138,138,1594327120102410545,1594327120102721959,3.924286e+01,-1.601134054362773895e-02,9.335003793239593506e-02,-9.824625968933105469e+00,-9.811751078814268112e-05,-5.736449020332656801e-05,-7.130480371415615082e-04,
0,139,139,1594327120112143552,1594327120112446216,3.923571e+01,-1.362530328333377838e-02,9.375453740358352661e-02,-9.814413070678710938e+00,-3.547197266016155481e-04,9.474129183217883110e-04,-2.279665932292118669e-05,
0,140,140,1594327120122256882,1594327120122556734,3.922143e+01,8.304991759359836578e-03,1.029453799128532410e-01,-9.806295394897460938e+00,1.726727059576660395e-04,-9.808422328205779195e-05,-4.932973533868789673e-04,
0,141,141,1594327120132297971,1594327120132598603,3.922857e+01,-1.189617440104484558e-02,1.101510971784591675e-01,-9.831171035766601562e+00,1.666805910645052791e-04,-6.336725200526416302e-04,-5.247092922218143940e-04,
0,142,142,1594327120142363435,1594327120142691985,3.922857e+01,-1.477382704615592957e-02,9.334786981344223022e-02,-9.825818061828613281e+00,-8.341686043422669172e-05,4.529704165179282427e-04,-8.256132132373750210e-04,
0,143,143,1594327120152204414,1594327120152552548,3.922143e+01,-9.573978371918201447e-03,9.128975868225097656e-02,-9.811534881591796875e+00,-2.736131718847900629e-04,1.263270503841340542e-03,-2.672149275895208120e-04,
0,144,144,1594327120162325400,1594327120162626501,3.921429e+01,-1.944231917150318623e-03,1.079806089401245117e-01,-9.817537307739257812e+00,-7.214503420982509851e-05,-4.798749869223684072e-04,-2.710765111260116100e-04,
0,145,145,1594327120172364093,1594327120172687695,3.922143e+01,-3.168535884469747543e-03,1.047165021300315857e-01,-9.821938514709472656e+00,2.900648396462202072e-04,-2.433996123727411032e-04,-1.410942786606028676e-04,
0,146,146,1594327120182198457,1594327120182498360,3.920714e+01,-2.405677363276481628e-02,9.748836606740951538e-02,-9.829754829406738281e+00,-2.341784129384905100e-04,4.954345058649778366e-04,-2.538658372941426933e-05,
0,147,147,1594327120192247358,1594327120192546741,3.920714e+01,-4.587210714817047119e-03,8.923689275979995728e-02,-9.809576988220214844e+00,6.175870657898485661e-05,9.239437640644609928e-04,1.245227467734366655e-04,
0,148,148,1594327120202165527,1594327120202461680,3.921429e+01,-7.616947870701551437e-03,1.049475073814392090e-01,-9.817560195922851562e+00,2.259758766740560532e-04,-9.422929724678397179e-05,8.819723734632134438e-05,
0,149,149,1594327120212168437,1594327120212465111,3.921429e+01,-1.383677590638399124e-02,1.024210229516029358e-01,-9.831360816955566406e+00,-3.662179224193096161e-04,-8.240485913120210171e-04,6.785068399040028453e-05,
0,150,150,1594327120222390311,1594327120222697715,3.922143e+01,-1.639061421155929565e-02,9.208445996046066284e-02,-9.818046569824218750e+00,8.853679173626005650e-05,1.102202455513179302e-03,-4.580304084811359644e-04,
0,151,151,1594327120232427389,1594327120232730730,3.922857e+01,-7.844699546694755554e-03,9.630227088928222656e-02,-9.815382003784179688e+00,-2.347043919144198298e-04,6.910903175594285131e-05,-2.101433783536776900e-04,
0,152,152,1594327120242379517,1594327120242686608,3.925000e+01,7.360194344073534012e-03,1.039278283715248108e-01,-9.813938140869140625e+00,-1.053946016327245161e-05,-3.886484191752970219e-04,-1.685714378254488111e-04,
0,153,153,1594327120252378261,1594327120252679987,3.925714e+01,-1.763123460114002228e-02,1.013270244002342224e-01,-9.834300041198730469e+00,-1.498560741310939193e-04,-6.330799660645425320e-04,1.311207306571304798e-04,
0,154,154,1594327120262350858,1594327120262648105,3.924286e+01,-9.204733185470104218e-03,8.905453234910964966e-02,-9.816036224365234375e+00,-1.976598141482099891e-04,3.214901371393352747e-04,-1.559946576890069991e-05,
0,155,155,1594327120272334497,1594327120272630702,3.924286e+01,-5.769190378487110138e-03,9.766713529825210571e-02,-9.808448791503906250e+00,-2.915096119977533817e-04,8.862401009537279606e-04,-2.839861845131963491e-04,
0,156,156,1594327120282289333,1594327120282589601,3.922857e+01,-2.024801913648843765e-03,1.098593920469284058e-01,-9.823034286499023438e+00,3.426822513574734330e-05,-4.122506652493029833e-04,-5.033374327467754483e-05,
0,157,157,1594327120292361099,1594327120292686576,3.921429e+01,-1.214301027357578278e-02,1.028236895799636841e-01,-9.827103614807128906e+00,-1.099552609957754612e-04,-4.573712940327823162e-04,2.673946728464215994e-04,
0,158,158,1594327120302161504,1594327120302460262,3.922857e+01,-2.057710848748683929e-02,9.304201602935791016e-02,-9.821668624877929688e+00,2.797584165818989277e-04,5.491105257533490658e-04,2.198439506173599511e-05,
0,159,159,1594327120312203322,1594327120312503225,3.919286e+01,3.910991828888654709e-03,9.506917744874954224e-02,-9.805186271667480469e+00,-1.682851434452459216e-04,4.764661425724625587e-04,-9.108676749747246504e-05,
0,160,160,1594327120322248942,1594327120322549418,3.916429e+01,-6.807992700487375259e-03,1.112483888864517212e-01,-9.823719978332519531e+00,3.127882519038394094e-05,-4.971922026015818119e-04,-1.643370051169767976e-04,
0,161,161,1594327120332336386,1594327120332637122,3.916429e+01,-1.374696288257837296e-02,9.510573744773864746e-02,-9.831847190856933594e+00,4.567321229842491448e-05,-4.208660102449357510e-04,1.738178689265623689e-04,
0,162,162,1594327120342400495,1594327120342714983,3.919286e+01,-1.475346926599740982e-02,8.916892856359481812e-02,-9.815689086914062500e+00,1.098886859836056828e-04,8.809004211798310280e-04,2.647182191140018404e-05,
0,163,163,1594327120352154858,1594327120352455647,3.921429e+01,-2.691253321245312691e-03,9.638243168592453003e-02,-9.818174362182617188e+00,-2.202833711635321379e-04,3.387407632544636726e-04,7.558717043139040470e-04,
0,164,164,1594327120362196727,1594327120362496787,3.923571e+01,9.694963810034096241e-04,1.043704971671104431e-01,-9.820146560668945312e+00,2.330199349671602249e-04,-5.642838659696280956e-04,-3.577024908736348152e-04,
0,165,165,1594327120372244743,1594327120372545584,3.927857e+01,-2.301362901926040649e-02,1.012896373867988586e-01,-9.834212303161621094e+00,4.169378371443599463e-04,-4.788430233020335436e-04,2.464755671098828316e-04,
0,166,166,1594327120382281561,1594327120382580579,3.926429e+01,-7.927551865577697754e-03,8.886558562517166138e-02,-9.811906814575195312e+00,-4.862199712079018354e-04,7.775565027259290218e-04,1.074984975275583565e-04,
0,167,167,1594327120392290304,1594327120392589739,3.921429e+01,-5.252277478575706482e-03,1.016254276037216187e-01,-9.813205718994140625e+00,-1.891377032734453678e-04,3.113168640993535519e-04,5.494101424119435251e-05,
0,168,168,1594327120402314934,1594327120402614890,3.920000e+01,-3.270137123763561249e-03,1.057166829705238342e-01,-9.825082778930664062e+00,1.512875169282779098e-04,-8.150471257977187634e-04,-5.798633792437613010e-04,
0,169,169,1594327120412319980,1594327120412619883,3.919286e+01,-1.381245162338018417e-02,9.702590852975845337e-02,-9.824327468872070312e+00,1.955159677891060710e-04,2.367683337070047855e-04,-4.339953884482383728e-04,
0,170,170,1594327120422383048,1594327120422709671,3.919286e+01,-1.556717790663242340e-02,8.982161432504653931e-02,-9.817591667175292969e+00,-2.486726589268073440e-05,6.146975210867822170e-04,5.079313996247947216e-05,
0,171,171,1594327120432201683,1594327120432502055,3.919286e+01,8.017327636480331421e-03,1.000043004751205444e-01,-9.808320045471191406e+00,-4.358263104222714901e-04,3.789212205447256565e-04,-1.556284696562215686e-04,
0,172,172,1594327120442280741,1594327120442583978,3.920714e+01,-1.017718575894832611e-02,1.083244085311889648e-01,-9.827733993530273438e+00,1.825264043873175979e-04,-6.326538859866559505e-04,-6.737797230016440153e-05,
0,173,173,1594327120452355841,1594327120452655640,3.919286e+01,-1.425470691174268723e-02,9.348801523447036743e-02,-9.827002525329589844e+00,-1.091896024263405707e-06,9.277787466999143362e-05,-4.163719131611287594e-04,
0,174,174,1594327120462464170,1594327120462815273,3.920714e+01,-1.145470421761274338e-02,8.960220962762832642e-02,-9.812922477722167969e+00,1.290168438572436571e-04,7.801996544003486633e-04,1.715342077659443021e-04,
0,175,175,1594327120472386297,1594327120472714275,3.922143e+01,-2.524574985727667809e-03,1.032207757234573364e-01,-9.817939758300781250e+00,1.458280457882210612e-04,-6.568487151525914669e-04,-3.550792753230780363e-04,
0,176,176,1594327120482146493,1594327120482445772,3.923571e+01,-4.369189031422138214e-03,1.056664288043975830e-01,-9.820959091186523438e+00,2.221808681497350335e-04,-2.295644844707567245e-05,-2.261556364828720689e-04,
0,177,177,1594327120492419150,1594327120492719106,3.924286e+01,-2.312862873077392578e-02,9.655891358852386475e-02,-9.826707839965820312e+00,-1.615673245396465063e-04,3.819172852672636509e-04,1.788379304343834519e-04,
0,178,178,1594327120502369507,1594327120502687067,3.922857e+01,-4.488827660679817200e-03,9.184095263481140137e-02,-9.810332298278808594e+00,-1.670933852437883615e-04,5.120792775414884090e-04,-1.119193475460633636e-04,
0,179,179,1594327120512343771,1594327120512641383,3.921429e+01,-4.403467755764722824e-03,1.033884584903717041e-01,-9.817224502563476562e+00,-1.131843418988864869e-07,-4.798350346391089261e-05,1.043559677782468498e-04,
0,180,180,1594327120522326108,1594327120522626011,3.920714e+01,-9.316288866102695465e-03,1.024886816740036011e-01,-9.829907417297363281e+00,5.426856296253390610e-05,-7.136405911296606064e-04,-4.196942027192562819e-04,
0,181,181,1594327120532364957,1594327120532689392,3.922143e+01,-1.081680599600076675e-02,8.928037434816360474e-02,-9.819845199584960938e+00,5.887583392905071378e-05,3.233543538954108953e-04,3.289003871032036841e-05,
0,182,182,1594327120542141247,1594327120542441098,3.923571e+01,-1.138745713979005814e-02,9.548250585794448853e-02,-9.816996574401855469e+00,-1.876663009170442820e-04,2.986801846418529749e-04,-3.251786110922694206e-04,
0,183,183,1594327120552197804,1594327120552497499,3.923571e+01,5.646670237183570862e-03,1.063331738114356995e-01,-9.811797142028808594e+00,9.478856372879818082e-05,-1.296559930779039860e-04,2.524010960769373924e-05,
0,184,184,1594327120562257903,1594327120562563797,3.922857e+01,-1.464539393782615662e-02,1.033954247832298279e-01,-9.829612731933593750e+00,-4.498744965530931950e-05,-8.332364959642291069e-04,2.284126676386222243e-04,
0,185,185,1594327120572225709,1594327120572572697,3.919286e+01,-1.239220518618822098e-02,8.836521953344345093e-02,-9.820231437683105469e+00,-3.340336261317133904e-04,2.436193171888589859e-04,-1.952962629729881883e-04,
0,186,186,1594327120582362320,1594327120582689308,3.920714e+01,-4.147649742662906647e-03,9.575549513101577759e-02,-9.809520721435546875e+00,-2.971821522805839777e-04,1.034824526868760586e-03,-5.393367027863860130e-04,
0,187,187,1594327120592144392,1594327120592444139,3.922143e+01,-1.736089703626930714e-03,1.095065027475357056e-01,-9.823238372802734375e+00,-3.663976967800408602e-04,-5.601826123893260956e-04,-2.468950115144252777e-04,
0,188,188,1594327120602238502,1594327120602538822,3.925000e+01,-9.359324350953102112e-03,9.935603290796279907e-02,-9.821517944335937500e+00,-7.841677870601415634e-05,4.665858068619854748e-05,1.217131211888045073e-04,
0,189,189,1594327120612245267,1594327120612545170,3.925000e+01,-1.906461641192436218e-02,9.233286231756210327e-02,-9.823664665222167969e+00,-5.411010934039950371e-04,6.306964787654578686e-04,-3.842808364424854517e-04,
0,190,190,1594327120622291356,1594327120622592353,3.922857e+01,3.227662993595004082e-03,9.492992609739303589e-02,-9.809402465820312500e+00,-1.506949629401788116e-04,3.550792753230780363e-04,-2.501773415133357048e-04,
0,191,191,1594327120632335100,1594327120632635785,3.919286e+01,-7.229703012853860855e-03,1.105524152517318726e-01,-9.822569847106933594e+00,1.486509863752871752e-04,-1.035969689837656915e-04,3.084406489506363869e-04,
0,192,192,1594327120642334625,1594327120642634737,3.920714e+01,-1.656967960298061371e-02,9.849322587251663208e-02,-9.829427719116210938e+00,7.835685391910374165e-05,-1.136370847234502435e-04,-2.187720237998291850e-04,
0,193,193,1594327120652154093,1594327120652459153,3.922143e+01,-1.089299749583005905e-02,9.141097217798233032e-02,-9.812880516052246094e+00,-2.650244859978556633e-04,1.386355143040418625e-03,-1.617404341232031584e-04,
0,194,194,1594327120662262840,1594327120662557066,3.923571e+01,-9.933792054653167725e-03,9.981322288513183594e-02,-9.817666053771972656e+00,-3.046389902010560036e-04,-1.496962795499712229e-04,-4.710732318926602602e-04,
0,195,195,1594327120672315074,1594327120672614353,3.925000e+01,6.391708157025277615e-04,1.065046787261962891e-01,-9.816265106201171875e+00,7.232479401864111423e-05,-4.210457700537517667e-05,-2.744520606938749552e-04,
0,196,196,1594327120682347152,1594327120682646951,3.922143e+01,-1.906068809330463409e-02,1.022957339882850647e-01,-9.830821037292480469e+00,-2.506167802494019270e-04,-1.010536434478126466e-04,-1.981058885576203465e-04,
0,197,197,1594327120692406105,1594327120692718770,3.919286e+01,-8.774602785706520081e-03,8.716093003749847412e-02,-9.815423965454101562e+00,-9.030778892338275909e-05,3.741275286301970482e-04,-4.986369749531149864e-04,
0,198,198,1594327120702142759,1594327120702443340,3.920714e+01,-2.301464090123772621e-03,1.001396924257278442e-01,-9.812865257263183594e+00,7.870972331147640944e-05,3.624495584517717361e-04,-2.978745578730013222e-05,
0,199,199,1594327120712157909,1594327120712456511,3.923571e+01,-4.496536683291196823e-03,1.049484461545944214e-01,-9.827564239501953125e+00,2.622481260914355516e-04,-6.944858469069004059e-04,1.990979217225685716e-04,
0,200,200,1594327120722248582,1594327120722548069,3.921429e+01,-1.174835674464702606e-02,9.704023599624633789e-02,-9.814849853515625000e+00,1.383445633109658957e-04,2.359760401304811239e-04,-3.490538510959595442e-04,
0,201,201,1594327120732276702,1594327120732576293,3.920714e+01,-1.793824695050716400e-02,9.440688043832778931e-02,-9.821405410766601562e+00,-3.375023952685296535e-04,7.105580298230051994e-04,-2.413489710306748748e-05,
0,202,202,1594327120742122264,1594327120742424043,3.922143e+01,5.817801691591739655e-03,9.915320575237274170e-02,-9.811458587646484375e+00,4.001332854386419058e-04,-2.569817297626286745e-04,6.727144500473514199e-05,
0,203,203,1594327120752321742,1594327120752621854,3.922857e+01,-1.425508130341768265e-02,1.072987467050552368e-01,-9.827775955200195312e+00,3.657252527773380280e-04,-1.028046754072420299e-04,5.222459003562107682e-05,
0,204,204,1594327120762316371,1594327120762612681,3.920000e+01,-1.496610231697559357e-02,9.172127395868301392e-02,-9.823538780212402344e+00,-1.116863204515539110e-04,-8.007459837244823575e-05,-2.431199682177975774e-04,
0,205,205,1594327120772282718,1594327120772578455,3.922143e+01,-9.688228368759155273e-03,9.079387784004211426e-02,-9.807500839233398438e+00,-5.866411374881863594e-04,1.062687835656106472e-03,6.136921583674848080e-04,
0,206,206,1594327120782314431,1594327120782615220,3.922143e+01,-3.760816762223839760e-03,1.060042381286621094e-01,-9.819341659545898438e+00,-1.078713394235819578e-04,-3.518035737215541303e-05,2.379667566856369376e-04,
0,207,207,1594327120792307706,1594327120792607765,3.922143e+01,-4.425995983183383942e-03,1.013356670737266541e-01,-9.819525718688964844e+00,8.151270594680681825e-05,-5.274390568956732750e-04,8.604007598478347063e-05,
0,208,208,1594327120802338638,1594327120802638697,3.920714e+01,-2.297096885740756989e-02,9.708753973245620728e-02,-9.827674865722656250e+00,-1.004011719487607479e-04,2.170276566175743937e-04,-3.825763997156172991e-04,
0,209,209,1594327120812341756,1594327120812641712,3.920000e+01,-2.933150390163064003e-03,8.864988386631011963e-02,-9.808837890625000000e+00,-5.513009964488446712e-04,2.504636358935385942e-04,1.352419785689562559e-04,
0,210,210,1594327120822151745,1594327120822451701,3.921429e+01,-5.631663836538791656e-03,1.057521998882293701e-01,-9.820942878723144531e+00,7.388274389086291194e-05,-3.257977950852364302e-04,7.777762220939621329e-05,
0,211,211,1594327120832193719,1594327120832493675,3.922143e+01,-9.323698468506336212e-03,1.015637591481208801e-01,-9.832822799682617188e+00,2.651909308042377234e-04,-7.956126937642693520e-04,1.312938366027083248e-05,
0,212,212,1594327120842208036,1594327120842507939,3.922143e+01,-1.557533536106348038e-02,9.037201851606369019e-02,-9.815906524658203125e+00,1.893241133075207472e-04,7.398927118629217148e-04,-8.241817704401910305e-05,
0,213,213,1594327120852151570,1594327120852451369,3.922143e+01,-9.106312878429889679e-03,9.253483265638351440e-02,-9.812297821044921875e+00,-3.486610366962850094e-04,2.906174631789326668e-04,1.471196737838909030e-04,
0,214,214,1594327120862203752,1594327120862503187,3.921429e+01,5.654491178574971855e-05,1.069503426551818848e-01,-9.813931465148925781e+00,-1.385576179018244147e-04,-5.782388616353273392e-04,-1.441369386157020926e-04,
0,215,215,1594327120872237705,1594327120872540577,3.922143e+01,-2.069794572889804840e-02,1.024609506130218506e-01,-9.835153579711914062e+00,2.728608378674834967e-04,-2.988066698890179396e-04,5.178450373932719231e-04,
0,216,216,1594327120882290252,1594327120882590312,3.922143e+01,-1.337423734366893768e-02,8.942407369613647461e-02,-9.817306518554687500e+00,-3.055644338019192219e-04,3.756388614419847727e-04,-3.436809347476810217e-04,
0,217,217,1594327120892345976,1594327120892645411,3.920000e+01,-6.427409127354621887e-03,9.875948727130889893e-02,-9.812953948974609375e+00,-2.908238384407013655e-04,8.868859149515628815e-04,-1.167263471870683134e-04,
0,218,218,1594327120902404200,1594327120902716969,3.920714e+01,-2.956352196633815765e-03,1.065569594502449036e-01,-9.824429512023925781e+00,1.795370044419541955e-04,-3.596133028622716665e-04,1.671399950282648206e-04,
0,219,219,1594327120912195335,1594327120912495603,3.921429e+01,-1.107195019721984863e-02,9.935259073972702026e-02,-9.820950508117675781e+00,2.691190748009830713e-04,-1.412141136825084686e-05,3.888215360348112881e-06,
0,220,220,1594327120922234079,1594327120922533826,3.920000e+01,-1.328419987112283707e-02,9.691902995109558105e-02,-9.810961723327636719e+00,-1.980925735551863909e-04,6.083459011279046535e-04,1.058539928635582328e-04,
0,221,221,1594327120932281366,1594327120932581946,3.921429e+01,5.036875605583190918e-03,9.256181120872497559e-02,-9.808567047119140625e+00,1.555086346343159676e-04,-3.305781865492463112e-04,1.057940698956372216e-05,
0,222,222,1594327120942347924,1594327120942647723,3.921429e+01,-1.851941272616386414e-02,1.074470505118370056e-01,-9.839744567871093750e+00,-2.838263935700524598e-05,1.087568380171433091e-04,2.181062300223857164e-04,
0,223,223,1594327120952192913,1594327120952492973,3.924286e+01,-1.350341923534870148e-02,9.246043860912322998e-02,-9.832721710205078125e+00,7.900267519289627671e-05,-6.154565198812633753e-05,-2.047837770078331232e-04,
0,224,224,1594327120962180354,1594327120962480050,3.922143e+01,-1.451456686481833458e-03,8.976480364799499512e-02,-9.799018859863281250e+00,-1.878793555079028010e-04,7.751596276648342609e-04,-1.945905241882428527e-04,
0,225,225,1594327120972274830,1594327120972575150,3.922143e+01,3.694691695272922516e-04,1.025426089763641357e-01,-9.812028884887695312e+00,1.064598654920700938e-05,-2.255763974972069263e-04,-3.810517373494803905e-04,
0,226,226,1594327120982290813,1594327120982591706,3.922857e+01,8.270862512290477753e-03,1.103886887431144714e-01,-9.815800666809082031e+00,-2.209358353866264224e-04,-4.788230580743402243e-04,2.545316237956285477e-05,
0,227,227,1594327120992365444,1594327120992688734,3.924286e+01,-1.755478233098983765e-02,9.626282751560211182e-02,-9.830666542053222656e+00,3.129214383079670370e-05,-6.532733823405578732e-05,-4.214053042232990265e-04,
0,228,228,1594327121002149911,1594327121002450805,3.924286e+01,-1.403268054127693176e-02,8.605787903070449829e-02,-9.821243286132812500e+00,-2.651975664775818586e-04,1.081243390217423439e-04,-1.771002098394092172e-05,
0,229,229,1594327121012248970,1594327121012549655,3.925714e+01,-5.039457697421312332e-03,1.004685983061790466e-01,-9.814886093139648438e+00,-1.545632112538442016e-04,8.323310175910592079e-04,3.888214996550232172e-05,
0,230,230,1594327121022309330,1594327121022608296,3.923571e+01,-9.271419607102870941e-03,1.114351302385330200e-01,-9.825363159179687500e+00,7.064700184855610132e-05,-6.369415787048637867e-04,-1.914147105708252639e-05,
0,231,231,1594327121032140361,1594327121032440837,3.920000e+01,-1.896350271999835968e-02,1.030877381563186646e-01,-9.817182540893554688e+00,7.786416972521692514e-05,-1.186704539577476680e-04,-2.759034941846039146e-05,
0,232,232,1594327121042190199,1594327121042489790,3.921429e+01,-1.493414398282766342e-02,9.770137816667556763e-02,-9.814156532287597656e+00,9.303087426815181971e-05,1.394098217133432627e-04,-4.817658555111847818e-05,
0,233,233,1594327121052190870,1594327121052489836,3.922857e+01,-2.231222577393054962e-03,9.667035937309265137e-02,-9.815934181213378906e+00,1.858486939454451203e-04,-1.847634557634592056e-04,1.712945231702178717e-04,
0,234,234,1594327121062203729,1594327121062503476,3.924286e+01,-1.449649129062891006e-02,1.030007302761077881e-01,-9.831430435180664062e+00,-1.384377683280035853e-04,-1.280308002606034279e-03,-6.755773938493803144e-05,
0,235,235,1594327121072181951,1594327121072482010,3.922857e+01,-1.813430152833461761e-02,9.071151167154312134e-02,-9.826263427734375000e+00,-1.582783152116462588e-04,1.354350533802062273e-04,4.206462836009450257e-05,
0,236,236,1594327121082196320,1594327121082496171,3.922143e+01,-5.690940655767917633e-03,9.402476251125335693e-02,-9.805934906005859375e+00,-1.009737534332089126e-04,1.346567529253661633e-03,5.151552031747996807e-04,
0,237,237,1594327121092193345,1594327121092493404,3.922143e+01,-2.523751754779368639e-04,1.065883561968803406e-01,-9.818940162658691406e+00,3.528288798406720161e-04,-3.050983941648155451e-04,-2.740126510616391897e-04,
0,238,238,1594327121102206307,1594327121102506523,3.924286e+01,-6.108646746724843979e-03,9.986928105354309082e-02,-9.824397087097167969e+00,9.208545088768005371e-05,-6.997255841270089149e-04,4.046007597935386002e-05,
0,239,239,1594327121112295470,1594327121112595946,3.924286e+01,-2.374751679599285126e-02,9.111320227384567261e-02,-9.832613945007324219e+00,1.546431012684479356e-04,6.624679663218557835e-04,5.105679156258702278e-04,
0,240,240,1594327121122400779,1594327121122710578,3.922857e+01,4.262236412614583969e-03,8.697996288537979126e-02,-9.807998657226562500e+00,-1.872202301456127316e-05,1.063453499227762222e-03,3.140199696645140648e-04,
0,241,241,1594327121132370876,1594327121132693644,3.922143e+01,3.006198443472385406e-03,1.076588928699493408e-01,-9.814202308654785156e+00,-1.896170724648982286e-04,-1.311340456595644355e-04,-1.430117481504566967e-05,
0,242,242,1594327121142286388,1594327121142581552,3.920000e+01,-3.763024695217609406e-03,1.035040244460105896e-01,-9.828214645385742188e+00,-2.016545622609555721e-04,-1.649828336667269468e-04,-2.275671140523627400e-04,
0,243,243,1594327121152332216,1594327121152632328,3.918571e+01,-9.934615343809127808e-03,9.103420376777648926e-02,-9.817662239074707031e+00,4.717390402220189571e-04,8.169113425537943840e-04,-4.905542664346285164e-05,
0,244,244,1594327121162407263,1594327121162722167,3.918571e+01,-8.655225858092308044e-03,9.179679304361343384e-02,-9.820569992065429688e+00,-3.127350064460188150e-04,7.394466665573418140e-04,-6.624746602028608322e-04,
0,245,245,1594327121172367673,1594327121172686952,3.918571e+01,4.269758239388465881e-03,1.026945039629936218e-01,-9.815812110900878906e+00,4.549278237391263247e-04,-3.200187638867646456e-04,-5.026783328503370285e-04,
0,246,246,1594327121182347353,1594327121182644496,3.922143e+01,-1.891941949725151062e-02,1.057343855500221252e-01,-9.826962471008300781e+00,4.429835535120218992e-04,-6.422878504963591695e-05,-5.068661266705021262e-05,
0,247,247,1594327121192336722,1594327121192634490,3.922143e+01,-1.966778747737407684e-02,9.619805216789245605e-02,-9.824913978576660156e+00,-3.953662235289812088e-04,5.649363738484680653e-04,-4.455734742805361748e-04,
0,248,248,1594327121202284214,1594327121202580419,3.922143e+01,5.213321186602115631e-03,9.850116074085235596e-02,-9.780300140380859375e+00,5.376522894948720932e-04,4.322909517213702202e-04,-5.432848411146551371e-06,
0,249,249,1594327121212334365,1594327121212631612,3.922143e+01,-2.481240220367908478e-02,1.085910424590110779e-01,-9.854999542236328125e+00,-3.350256592966616154e-04,-1.438499777577817440e-03,-3.061902825720608234e-04,
0,250,250,1594327121222298837,1594327121222599365,3.922143e+01,-5.354851949959993362e-03,9.306877106428146362e-02,-9.815667152404785156e+00,4.154198395553976297e-04,3.168828843627125025e-04,-4.800547612830996513e-04,
0,251,251,1594327121232375968,1594327121232701705,3.923571e+01,-2.974868565797805786e-02,8.842127770185470581e-02,-9.831320762634277344e+00,-6.962168845348060131e-05,6.092713447287678719e-04,3.993942518718540668e-04,
0,252,252,1594327121242272105,1594327121242566748,3.923571e+01,4.144207108765840530e-03,9.893630445003509521e-02,-9.799176216125488281e+00,-3.304516721982508898e-04,4.379102319944649935e-04,1.872934662969782948e-04,
0,253,253,1594327121252275640,1594327121252575752,3.920714e+01,-3.409609664231538773e-03,1.087674126029014587e-01,-9.825922012329101562e+00,3.846336912829428911e-04,-2.701444027479737997e-04,-2.856240316759794950e-04,
0,254,254,1594327121262354438,1594327121262655331,3.921429e+01,-2.062313817441463470e-02,9.795064479112625122e-02,-9.829393386840820312e+00,2.421279496047645807e-04,-2.358495403314009309e-04,-2.409628068562597036e-04,
0,255,255,1594327121272150572,1594327121272450944,3.924286e+01,-4.733606241643428802e-03,8.450567722320556641e-02,-9.807683944702148438e+00,1.709083699097391218e-05,1.165026449598371983e-03,1.554553746245801449e-04,
0,256,256,1594327121282248328,1594327121282548336,3.925000e+01,-1.112542673945426941e-02,9.913475811481475830e-02,-9.819637298583984375e+00,-1.375655847368761897e-04,-1.632517705729696900e-05,-7.690410129725933075e-04,
0,257,257,1594327121292301136,1594327121292600310,3.925000e+01,7.883355952799320221e-03,1.063941717147827148e-01,-9.816226959228515625e+00,2.579404681455343962e-04,-5.137504194863140583e-04,-1.365402713418006897e-04,
0,258,258,1594327121302352433,1594327121302652128,3.922143e+01,-2.241509966552257538e-02,1.089206561446189880e-01,-9.830833435058593750e+00,2.568485797382891178e-04,-1.102282330975867808e-04,7.942878255562391132e-06,
0,259,259,1594327121312352843,1594327121312651861,3.922143e+01,2.604583569336682558e-04,9.070934355258941650e-02,-9.811884880065917969e+00,6.539392052218317986e-05,2.692588896024972200e-04,-1.820403704186901450e-04,
0,260,260,1594327121322402734,1594327121322728784,3.924286e+01,2.926040324382483959e-04,9.917847067117691040e-02,-9.815382957458496094e+00,-1.312938366027083248e-05,5.365603647078387439e-05,3.933621919713914394e-04,
0,261,261,1594327121332253557,1594327121332553408,3.924286e+01,-6.778466515243053436e-03,1.046964824199676514e-01,-9.831124305725097656e+00,5.908222738071344793e-05,-1.831322733778506517e-04,6.028730786056257784e-05,
0,262,262,1594327121342309073,1594327121342609549,3.922143e+01,-9.577495977282524109e-03,9.628116339445114136e-02,-9.820322036743164062e+00,-7.317034942389000207e-06,2.568885101936757565e-04,-1.879925403045490384e-04,
0,263,263,1594327121352240471,1594327121352541052,3.917857e+01,-1.457953173667192459e-02,9.779193997383117676e-02,-9.816035270690917969e+00,1.114333135774359107e-04,9.403488365933299065e-04,-3.195526951458305120e-04,
0,264,264,1594327121362306143,1594327121362605578,3.918571e+01,2.100993413478136063e-03,1.023839041590690613e-01,-9.809030532836914062e+00,1.964747025340329856e-05,-4.086620756424963474e-04,-1.620799885131418705e-04,
0,265,265,1594327121372322387,1594327121372622135,3.920714e+01,-2.133606746792793274e-02,1.042262688279151917e-01,-9.832478523254394531e+00,-1.346760545857250690e-04,-1.022653850668575615e-05,-1.775529526639729738e-04,
0,266,266,1594327121382328892,1594327121382629368,3.920000e+01,-1.863474771380424500e-02,9.497988224029541016e-02,-9.824033737182617188e+00,3.091264079557731748e-05,-2.271809498779475689e-04,9.669271821621805429e-05,
0,267,267,1594327121392372272,1594327121392697384,3.921429e+01,-1.520332135260105133e-02,9.546615183353424072e-02,-9.808622360229492188e+00,4.013916477560997009e-04,1.007660292088985443e-03,3.873900568578392267e-04,
0,268,268,1594327121402372005,1594327121402700659,3.922143e+01,-4.097391851246356964e-03,1.073376983404159546e-01,-9.814743995666503906e+00,8.522115422238130122e-06,-3.450125223025679588e-04,4.579438536893576384e-04,
0,269,269,1594327121412145847,1594327121412446063,3.920714e+01,-8.478032425045967102e-03,1.075513437390327454e-01,-9.825435638427734375e+00,4.449010302778333426e-04,-3.262638638261705637e-04,-2.951314963866025209e-04,
0,270,270,1594327121422424025,1594327121422725282,3.918571e+01,-2.193153090775012970e-02,9.584044665098190308e-02,-9.822164535522460938e+00,2.251702608191408217e-05,3.082009789068251848e-04,4.498744965530931950e-05,
0,271,271,1594327121432159220,1594327121432458186,3.919286e+01,-3.376603126525878906e-03,8.737884461879730225e-02,-9.811076164245605469e+00,-3.957856679335236549e-04,3.416769031900912523e-04,-6.279733497649431229e-05,
0,272,272,1594327121442258955,1594327121442558911,3.921429e+01,1.223031664267182350e-03,1.027071550488471985e-01,-9.819696426391601562e+00,-1.298291026614606380e-04,-2.775280154310166836e-04,-1.940778565767686814e-05,
0,273,273,1594327121452294054,1594327121452598385,3.923571e+01,-1.163290906697511673e-02,9.828284382820129395e-02,-9.834563255310058594e+00,-1.934387109940871596e-04,-7.659717230126261711e-04,-1.604754215804859996e-04,
0,274,274,1594327121462339882,1594327121462639057,3.920714e+01,-7.626303471624851227e-03,8.912772685289382935e-02,-9.812622070312500000e+00,-2.946388267446309328e-04,1.325608347542583942e-03,1.629055623197928071e-04,
0,275,275,1594327121472342063,1594327121472641915,3.919286e+01,-5.610220599919557571e-03,9.146695584058761597e-02,-9.813718795776367188e+00,-9.227853297488763928e-05,-1.921803632285445929e-04,-9.336377115687355399e-05,
0,276,276,1594327121482404142,1594327121482729202,3.916429e+01,7.762595079839229584e-03,1.039884164929389954e-01,-9.821718215942382812e+00,-2.743721706792712212e-04,-2.082791761495172977e-04,-8.069378054642584175e-06,
0,277,277,1594327121492167254,1594327121492466168,3.919286e+01,-1.611144654452800751e-02,1.016954109072685242e-01,-9.833025932312011719e+00,-3.632418520282953978e-04,-7.677893154323101044e-05,-2.604305336717516184e-04,
0,278,278,1594327121502169227,1594327121502469287,3.920714e+01,-1.231578923761844635e-02,9.100344032049179077e-02,-9.821202278137207031e+00,-3.001781878992915154e-04,5.233244737610220909e-04,-5.414605839177966118e-04,
0,279,279,1594327121512200263,1594327121512499594,3.917143e+01,-9.917999850586056709e-04,9.604293853044509888e-02,-9.807004928588867188e+00,-1.572663168190047145e-04,4.697017138823866844e-04,-1.498827041359618306e-04,
0,280,280,1594327121522167652,1594327121522467712,3.917857e+01,-3.371364146005362272e-04,1.126274764537811279e-01,-9.817984580993652344e+00,8.841694580041803420e-06,-7.433681748807430267e-04,-1.409278193023055792e-04,
0,281,281,1594327121532195459,1594327121532489477,3.921429e+01,-7.778611499816179276e-03,1.040087714791297913e-01,-9.824998855590820312e+00,-8.874983905116096139e-05,-6.592189311049878597e-04,-6.252436432987451553e-04,
0,282,282,1594327121542147170,1594327121542443688,3.923571e+01,-2.399042434990406036e-02,8.990274369716644287e-02,-9.822302818298339844e+00,1.304216566495597363e-04,2.904643188230693340e-04,-1.848500105552375317e-04,
0,283,283,1594327121552179560,1594327121552478995,3.923571e+01,1.747915172018110752e-03,9.318014234304428101e-02,-9.809502601623535156e+00,-4.818723537027835846e-04,1.363738265354186296e-04,3.525359352352097631e-05,
0,284,284,1594327121562240284,1594327121562539980,3.925000e+01,-9.078096598386764526e-03,1.084601059556007385e-01,-9.823105812072753906e+00,2.526074822526425123e-04,-1.925798278534784913e-04,-1.777793222572654486e-04,
0,285,285,1594327121572342729,1594327121572691331,3.926429e+01,-1.858074776828289032e-02,1.034356132149696350e-01,-9.832888603210449219e+00,9.321063885181501973e-07,-3.259709046687930822e-04,-1.148355077020823956e-04,
0,286,286,1594327121582337774,1594327121582637626,3.925714e+01,-1.318727619946002960e-02,9.119152277708053589e-02,-9.808399200439453125e+00,2.293647412443533540e-05,7.930028368718922138e-04,2.309693081770092249e-04,
0,287,287,1594327121592391050,1594327121592703246,3.925000e+01,-6.188580766320228577e-03,1.022505313158035278e-01,-9.811629295349121094e+00,2.086786407744511962e-04,5.091963976155966520e-05,2.551441430114209652e-04,
0,288,288,1594327121602107078,1594327121602407190,3.923571e+01,-3.656708169728517532e-03,1.040366142988204956e-01,-9.823281288146972656e+00,2.722016943152993917e-04,-1.035157358273863792e-03,-7.145261042751371861e-05,
0,289,289,1594327121612166501,1594327121612466821,3.922143e+01,-2.495872229337692261e-02,9.901504218578338623e-02,-9.833520889282226562e+00,1.700494904071092606e-04,-7.109974103514105082e-05,-4.149870801484212279e-05,
0,290,290,1594327121622242694,1594327121622543639,3.922857e+01,-7.911198772490024567e-03,8.910366892814636230e-02,-9.814356803894042969e+00,-2.713694411795586348e-04,5.187637871131300926e-04,1.522329403087496758e-04,
0,291,291,1594327121632183311,1594327121632530091,3.925000e+01,5.988671327941119671e-04,9.799820929765701294e-02,-9.810170173645019531e+00,5.854293704032897949e-05,-2.610297233331948519e-04,1.753891265252605081e-04,
0,292,292,1594327121642323204,1594327121642623941,3.925000e+01,-7.567363325506448746e-03,1.052431836724281311e-01,-9.827510833740234375e+00,2.349573915125802159e-04,-1.130445278249680996e-03,8.214520494220778346e-05,
0,293,293,1594327121652333771,1594327121652634560,3.922857e+01,-1.181399449706077576e-02,9.361591935157775879e-02,-9.824223518371582031e+00,3.557983145583420992e-04,-1.367799559375271201e-04,-5.870272798347286880e-05,
0,294,294,1594327121662319910,1594327121662616532,3.923571e+01,-1.309278514236211777e-02,9.142773598432540894e-02,-9.817568778991699219e+00,-3.271626774221658707e-04,4.396013391669839621e-04,7.423561328323557973e-06,
0,295,295,1594327121672289278,1594327121672586577,3.922857e+01,4.134963732212781906e-03,9.800696372985839844e-02,-9.812488555908203125e+00,2.128598134731873870e-04,1.041562281898222864e-04,-4.044409433845430613e-04,
0,296,296,1594327121682244635,1594327121682541569,3.922143e+01,-9.975405409932136536e-03,1.054460480809211731e-01,-9.826653480529785156e+00,9.747169679030776024e-05,-4.246743337716907263e-04,-2.589258292573504150e-05,
0,297,297,1594327121692185773,1594327121692482291,3.919286e+01,-1.467469613999128342e-02,9.516067057847976685e-02,-9.829549789428710938e+00,2.140116266673430800e-04,-6.901581946294754744e-05,-5.943443393334746361e-04,
0,298,298,1594327121702134880,1594327121702431606,3.918571e+01,-4.534819629043340683e-03,9.157008677721023560e-02,-9.806268692016601562e+00,-6.510696257464587688e-04,6.017478881403803825e-04,-1.747166825225576758e-04,
0,299,299,1594327121712100810,1594327121712399099,3.922143e+01,-1.913021784275770187e-03,1.059036850929260254e-01,-9.818827629089355469e+00,-1.883121149148792028e-04,-7.216766825877130032e-04,-1.016195674310438335e-04,
0,300,300,1594327121722137471,1594327121722437531,3.923571e+01,-1.109979231841862202e-03,1.035633385181427002e-01,-9.826107025146484375e+00,-1.244362010766053572e-05,-8.332565193995833397e-04,9.773801139090210199e-05,
0,301,301,1594327121732386534,1594327121732745918,3.925000e+01,-2.539614960551261902e-02,9.700393676757812500e-02,-9.829384803771972656e+00,1.511543669039383531e-04,7.206313894130289555e-04,-5.236507277004420757e-04,
0,302,302,1594327121742207981,1594327121742508249,3.922143e+01,-5.325924605131149292e-03,9.298165142536163330e-02,-9.808847427368164062e+00,-1.513740717200562358e-04,4.759268485940992832e-04,-2.744853554759174585e-04,
0,303,303,1594327121752284747,1594327121752582515,3.922143e+01,-4.090243950486183167e-03,1.040228083729743958e-01,-9.812695503234863281e+00,-1.509146823082119226e-04,2.220410533482208848e-05,2.518018882256001234e-04,
0,304,304,1594327121762230990,1594327121762531674,3.922143e+01,-1.734649017453193665e-02,1.056639924645423889e-01,-9.834401130676269531e+00,1.698564155958592892e-04,-8.376174373552203178e-04,-1.885517995106056333e-04,
0,305,305,1594327121772292599,1594327121772592972,3.925000e+01,-1.982031948864459991e-02,9.239985048770904541e-02,-9.817227363586425781e+00,1.264335696760099381e-05,8.447480504401028156e-04,-2.057757956208661199e-04,
0,306,306,1594327121782383481,1594327121782692447,3.924286e+01,-1.549128536134958267e-02,9.738688170909881592e-02,-9.813540458679199219e+00,-3.377021348569542170e-04,3.131744160782545805e-04,1.250953355338424444e-04,
0,307,307,1594327121792379360,1594327121792686138,3.922143e+01,2.649976871907711029e-03,1.064352244138717651e-01,-9.814936637878417969e+00,1.143627960118465126e-04,-3.616506292019039392e-04,2.456566435284912586e-04,
0,308,308,1594327121802374978,1594327121802674413,3.918571e+01,-1.505206152796745300e-02,1.069854423403739929e-01,-9.833182334899902344e+00,-8.248475933214649558e-05,-3.344464348629117012e-04,9.091365791391581297e-05,
0,309,309,1594327121812319658,1594327121812620447,3.919286e+01,-1.185033190995454788e-02,9.062959253787994385e-02,-9.820636749267578125e+00,2.915495715569704771e-04,7.243132567964494228e-04,-1.524726249044761062e-04,
0,310,310,1594327121822388507,1594327121822700390,3.919286e+01,2.631490118801593781e-03,9.761451929807662964e-02,-9.805912971496582031e+00,-1.478254125686362386e-04,8.323710062541067600e-05,-6.280399393290281296e-04,
0,311,311,1594327121832258810,1594327121832607569,3.920714e+01,-2.049238537438213825e-04,1.100651398301124573e-01,-9.823290824890136719e+00,1.183908243547193706e-04,-9.584250510670244694e-04,2.592653909232467413e-04,
0,312,312,1594327121842166093,1594327121842466101,3.920000e+01,-7.588918320834636688e-03,1.008774340152740479e-01,-9.823951721191406250e+00,3.733352350536733866e-04,-9.203618392348289490e-04,-3.608583210734650493e-05,
0,313,313,1594327121852240828,1594327121852541409,3.922143e+01,-2.128363959491252899e-02,8.854779601097106934e-02,-9.823715209960937500e+00,-2.371278678765520453e-04,3.954261483158916235e-04,-2.175469708163291216e-04,
0,314,314,1594327121862278791,1594327121862581664,3.922857e+01,6.514452979899942875e-04,9.165462851524353027e-02,-9.810564041137695312e+00,-2.756504982244223356e-04,5.712480633519589901e-04,2.792524173855781555e-04,
0,315,315,1594327121872284358,1594327121872580876,3.922143e+01,-1.059384434483945370e-03,1.077717989683151245e-01,-9.817975997924804688e+00,4.125369596295058727e-04,-4.916328471153974533e-04,2.884070272557437420e-04,
0,316,316,1594327121882244142,1594327121882544046,3.921429e+01,-1.594151183962821960e-02,9.919691830873489380e-02,-9.832613945007324219e+00,9.609350672690197825e-05,-2.952646755147725344e-04,-6.462826277129352093e-04,
0,317,317,1594327121892180436,1594327121892476642,3.922143e+01,-8.616494014859199524e-03,8.908716589212417603e-02,-9.814123153686523438e+00,6.646584370173513889e-05,9.476059931330382824e-04,2.473477507010102272e-04,
0,318,318,1594327121902137356,1594327121902433561,3.922143e+01,-7.919244468212127686e-03,9.803724288940429688e-02,-9.813797950744628906e+00,-2.979211567435413599e-04,7.079947390593588352e-04,-1.292099186684936285e-04,
0,319,319,1594327121912183236,1594327121912481160,3.921429e+01,-3.686833078972995281e-04,1.056433767080307007e-01,-9.818566322326660156e+00,4.517387060332112014e-05,-6.986004300415515900e-04,5.271061672829091549e-05,
0,320,320,1594327121922250002,1594327121922552979,3.920000e+01,-2.423022501170635223e-02,1.003987267613410950e-01,-9.833921432495117188e+00,2.513691142667084932e-04,-6.289521115832030773e-04,-1.937449706019833684e-04,
0,321,321,1594327121932182546,1594327121932478752,3.921429e+01,-1.395308412611484528e-02,8.862384408712387085e-02,-9.818676948547363281e+00,-1.857954339357092977e-04,7.740211440250277519e-04,-1.041628856910392642e-04,
0,322,322,1594327121942187227,1594327121942483589,3.923571e+01,-4.360170569270849228e-03,1.002925261855125427e-01,-9.809851646423339844e+00,1.148554802057333291e-04,6.012751837261021137e-04,-9.375658555654808879e-05,
0,323,323,1594327121952142793,1594327121952439050,3.922857e+01,-9.675879031419754028e-03,1.085892841219902039e-01,-9.824090003967285156e+00,6.165217655507149175e-06,-7.799999439157545567e-04,3.500059392536059022e-05,
0,324,324,1594327121962379147,1594327121962686186,3.922857e+01,-1.483340375125408173e-02,1.002328768372535706e-01,-9.822565078735351562e+00,-9.013468661578372121e-05,-1.580053503857925534e-04,-3.706054994836449623e-04,
0,325,325,1594327121972319451,1594327121972615500,3.922143e+01,-1.508884690701961517e-02,9.787946939468383789e-02,-9.819179534912109375e+00,1.527256245026364923e-04,5.426390562206506729e-04,-9.143297938862815499e-05,
0,326,326,1594327121982095168,1594327121982391947,3.925000e+01,6.975344382226467133e-03,1.016996726393699646e-01,-9.813041687011718750e+00,1.915545144584029913e-04,5.217798388912342489e-05,1.361474569421261549e-04,
0,327,327,1594327121992339647,1594327121992635853,3.922857e+01,-9.329947642982006073e-03,1.084064766764640808e-01,-9.825220108032226562e+00,6.162887439131736755e-04,-1.034098793752491474e-03,-4.190417239442467690e-04,
0,328,328,1594327122002277712,1594327122002574751,3.922857e+01,-1.203078124672174454e-02,9.527499973773956299e-02,-9.829557418823242188e+00,-2.005892893066629767e-04,-5.564674938796088099e-05,-4.540689587884116918e-06,
0,329,329,1594327122012168015,1594327122012464377,3.922143e+01,-6.295870058238506317e-03,9.230786561965942383e-02,-9.810591697692871094e+00,9.912951645674183965e-05,1.112315803766250610e-03,1.184241118608042598e-04,
0,330,330,1594327122022147800,1594327122022448224,3.922143e+01,-2.239417983219027519e-03,1.083647534251213074e-01,-9.813828468322753906e+00,-1.274988335353555158e-05,-3.808320252574048936e-05,-3.161704808007925749e-04,
0,331,331,1594327122032194253,1594327122032494782,3.924286e+01,1.012109033763408661e-02,1.005677655339241028e-01,-9.801044464111328125e+00,5.143029848113656044e-04,-6.123739294707775116e-04,-1.482781517552211881e-04,
0,332,332,1594327122042244665,1594327122042541391,3.922143e+01,-3.911381214857101440e-02,9.365341812372207642e-02,-9.859271049499511719e+00,-2.096174139296635985e-04,-6.477073766291141510e-04,-1.482848019804805517e-04,
0,333,333,1594327122052150541,1594327122052451070,3.922143e+01,7.357088383287191391e-03,8.090933412313461304e-02,-9.814222335815429688e+00,-3.723964618984609842e-04,1.527242944575846195e-03,-1.773931580828502774e-04,
0,334,334,1594327122062094596,1594327122062391218,3.921429e+01,-9.345103986561298370e-03,9.850700199604034424e-02,-9.807364463806152344e+00,-3.138402244076132774e-04,7.422163034789264202e-04,-1.263337035197764635e-04,
0,335,335,1594327122072426473,1594327122072775388,3.920714e+01,1.113156415522098541e-02,9.181483089923858643e-02,-9.813367843627929688e+00,2.185390039812773466e-04,-2.595569938421249390e-03,-3.666839911602437496e-04,
0,336,336,1594327122082184585,1594327122082484020,3.922143e+01,-2.958178333938121796e-02,1.006240099668502808e-01,-9.827836990356445312e+00,-3.901597519870847464e-04,1.402487163431942463e-03,-9.453555685468018055e-05,
0,337,337,1594327122092256352,1594327122092556464,3.924286e+01,-2.578537911176681519e-02,9.239771962165832520e-02,-9.834781646728515625e+00,-5.626460188068449497e-04,1.839045871747657657e-04,-2.263287460664287210e-04,
0,338,338,1594327122102352598,1594327122102652970,3.925714e+01,3.263019397854804993e-02,1.019725576043128967e-01,-9.786219596862792969e+00,-1.732585951685905457e-04,-6.193846638780087233e-05,-3.971039550378918648e-04,
0,339,339,1594327122112111023,1594327122112411603,3.925000e+01,-3.311339020729064941e-02,1.055391132831573486e-01,-9.841515541076660156e+00,4.741625161841511726e-04,-3.337207017466425896e-04,-1.521330705145373940e-04,
0,340,340,1594327122122294458,1594327122122593581,3.920714e+01,-3.832068527117371559e-03,9.442798048257827759e-02,-9.809241294860839844e+00,8.202536264434456825e-05,-3.912849351763725281e-04,-5.917543967370875180e-05,
0,341,341,1594327122132364506,1594327122132691181,3.920714e+01,-7.851846516132354736e-03,1.030334010720252991e-01,-9.807563781738281250e+00,-7.163903319451492280e-06,7.522031664848327637e-04,-9.367668826598674059e-05,
0,342,342,1594327122142137723,1594327122142434189,3.921429e+01,-9.542655898258090019e-04,1.141189709305763245e-01,-9.820189476013183594e+00,5.508748654392547905e-05,-9.869674686342477798e-04,-4.577907384373247623e-04,
0,343,343,1594327122152183291,1594327122152477517,3.920714e+01,-1.314461510628461838e-02,1.072919294238090515e-01,-9.827900886535644531e+00,6.976816221140325069e-04,-5.408879951573908329e-05,-2.257428423035889864e-04,
0,344,344,1594327122162147085,1594327122162443187,3.919286e+01,-2.718335948884487152e-02,9.192443639039993286e-02,-9.826554298400878906e+00,6.066947244107723236e-04,-4.828310920856893063e-05,-2.298041654285043478e-04,
0,345,345,1594327122172287968,1594327122172584277,3.918571e+01,-2.017055521719157696e-04,9.488898515701293945e-02,-9.807669639587402344e+00,-8.855010491970460862e-06,4.422844795044511557e-04,9.003481682157143950e-05,
0,346,346,1594327122182318691,1594327122182614793,3.920000e+01,-2.654317766427993774e-03,1.043810844421386719e-01,-9.825004577636718750e+00,2.240783651359379292e-04,-7.485480164177715778e-04,1.086503107217140496e-04,
0,347,347,1594327122192238266,1594327122192532649,3.922143e+01,-1.328947674483060837e-02,1.053621098399162292e-01,-9.821762084960937500e+00,1.931457518367096782e-04,5.882123950868844986e-04,2.452571643516421318e-04,
0,348,348,1594327122202111850,1594327122202406545,3.922143e+01,-1.691276766359806061e-02,9.340097010135650635e-02,-9.822334289550781250e+00,-2.105228777509182692e-04,5.419466178864240646e-04,4.526108677964657545e-04,
0,349,349,1594327122212227576,1594327122212525188,3.924286e+01,-2.862796653062105179e-03,9.198603779077529907e-02,-9.813133239746093750e+00,-1.200885890284553170e-04,-3.648530691862106323e-04,4.937101039104163647e-04,
0,350,350,1594327122222236007,1594327122222533775,3.922143e+01,-9.182168170809745789e-03,9.941867738962173462e-02,-9.832904815673828125e+00,-1.647497992962598801e-04,1.037700712913647294e-04,4.832572012674063444e-04,
0,351,351,1594327122232260533,1594327122232557988,3.922143e+01,-2.239979431033134460e-02,1.002930104732513428e-01,-9.823624610900878906e+00,4.765061021316796541e-05,-3.042128810193389654e-04,3.097256194450892508e-05,
0,352,352,1594327122242251516,1594327122242552096,3.919286e+01,-2.271226840093731880e-03,8.863319456577301025e-02,-9.808381080627441406e+00,6.080329767428338528e-04,1.081955735571682453e-03,2.296843304065987468e-04,
0,353,353,1594327122252320626,1594327122252620581,3.921429e+01,-3.178377868607640266e-03,9.872700273990631104e-02,-9.810832977294921875e+00,-1.282578305108472705e-04,-1.121989771490916610e-04,-1.747699425322934985e-04,
0,354,354,1594327122262370464,1594327122262714796,3.921429e+01,-4.038339480757713318e-03,9.976517409086227417e-02,-9.829237937927246094e+00,4.307263588998466730e-04,-7.486412068828940392e-04,-3.340069961268454790e-04,
0,355,355,1594327122272238736,1594327122272539264,3.920000e+01,-1.272159535437822342e-02,9.116391092538833618e-02,-9.826219558715820312e+00,2.751045394688844681e-04,-3.552124253474175930e-04,-4.053530865348875523e-04,
0,356,356,1594327122282325763,1594327122282625927,3.920714e+01,-8.395067416131496429e-03,8.773356676101684570e-02,-9.816984176635742188e+00,-1.317998394370079041e-04,7.822503102943301201e-04,-4.704274178948253393e-04,
0,357,357,1594327122292098876,1594327122292398623,3.919286e+01,6.896757986396551132e-03,1.003871262073516846e-01,-9.812354087829589844e+00,-2.166148624382913113e-04,-3.349191392771899700e-04,-2.586262417025864124e-04,
0,358,358,1594327122302155798,1594327122302456274,3.921429e+01,-7.834108546376228333e-03,1.088235452771186829e-01,-9.828072547912597656e+00,4.139750672038644552e-04,-1.352086837869137526e-04,-6.232595769688487053e-04,
0,359,359,1594327122312233710,1594327122312534134,3.920000e+01,-1.464790198951959610e-02,9.657324850559234619e-02,-9.824977874755859375e+00,-2.397111238678917289e-04,-2.728941035456955433e-04,-5.939381662756204605e-04,
0,360,360,1594327122322255840,1594327122322555795,3.920714e+01,-7.258255966007709503e-03,9.685548394918441772e-02,-9.806248664855957031e+00,-7.016497547738254070e-04,1.003365963697433472e-03,-1.283177552977576852e-04,
0,361,361,1594327122332348388,1594327122332650426,3.917143e+01,-5.704412236809730530e-03,1.068898662924766541e-01,-9.818177223205566406e+00,2.304300141986459494e-05,-9.155947918770834804e-05,-5.215268465690314770e-04,
